model,label,library,type,parameters,tags
ada,Boosted Classification Trees,"ada, plyr",Classification,"iter, maxdepth, nu","Tree-Based Model, Ensemble Model, Boosting, Implicit Feature Selection, Two Class Only, Handle Missing Predictor Data"
AdaBag,Bagged AdaBoost,"adabag, plyr",Classification,"mfinal, maxdepth","Tree-Based Model, Ensemble Model, Boosting, Bagging, Implicit Feature Selection, Handle Missing Predictor Data"
AdaBoost.M1,AdaBoost.M1,"adabag, plyr",Classification,"mfinal, maxdepth, coeflearn","Tree-Based Model, Ensemble Model, Boosting, Implicit Feature Selection, Handle Missing Predictor Data"
adaboost,AdaBoost Classification Trees,fastAdaboost,Classification,"nIter, method","Tree-Based Model, Ensemble Model, Boosting, Implicit Feature Selection, Two Class Only"
amdai,Adaptive Mixture Discriminant Analysis,adaptDA,Classification,model,"Discriminant Analysis, Mixture Model"
ANFIS,Adaptive-Network-Based Fuzzy Inference System,frbs,Regression,"num.labels, max.iter",Rule-Based Model
avNNet,Model Averaged Neural Network,nnet,Classification,"size, decay, bag","Neural Network, Ensemble Model, Bagging, L2 Regularization, Accepts Case Weights"
avNNet,Model Averaged Neural Network,nnet,Regression,"size, decay, bag","Neural Network, Ensemble Model, Bagging, L2 Regularization, Accepts Case Weights"
awnb,Naive Bayes Classifier with Attribute Weighting,bnclassify,Classification,smooth,"Bayesian Model, Categorical Predictors Only"
awtan,Tree Augmented Naive Bayes Classifier with Attribute Weighting,bnclassify,Classification,"score, smooth","Bayesian Model, Categorical Predictors Only"
bag,Bagged Model,caret,Regression,vars,"Bagging, Ensemble Model"
bag,Bagged Model,caret,Classification,vars,"Bagging, Ensemble Model"
bagEarth,Bagged MARS,earth,Regression,"nprune, degree","Multivariate Adaptive Regression Splines, Ensemble Model, Implicit Feature Selection, Bagging, Accepts Case Weights"
bagEarth,Bagged MARS,earth,Classification,"nprune, degree","Multivariate Adaptive Regression Splines, Ensemble Model, Implicit Feature Selection, Bagging, Accepts Case Weights"
bagEarthGCV,Bagged MARS using gCV Pruning,earth,Regression,degree,"Multivariate Adaptive Regression Splines, Ensemble Model, Implicit Feature Selection, Bagging, Accepts Case Weights"
bagEarthGCV,Bagged MARS using gCV Pruning,earth,Classification,degree,"Multivariate Adaptive Regression Splines, Ensemble Model, Implicit Feature Selection, Bagging, Accepts Case Weights"
bagFDA,Bagged Flexible Discriminant Analysis,"earth, mda",Classification,"degree, nprune","Multivariate Adaptive Regression Splines, Ensemble Model, Implicit Feature Selection, Bagging, Accepts Case Weights"
bagFDAGCV,Bagged FDA using gCV Pruning,earth,Classification,degree,"Multivariate Adaptive Regression Splines, Ensemble Model, Implicit Feature Selection, Bagging"
bam,Generalized Additive Model using Splines,mgcv,Regression,"select, method","Generalized Linear Model, Generalized Additive Model"
bam,Generalized Additive Model using Splines,mgcv,Classification,"select, method","Generalized Linear Model, Generalized Additive Model"
bartMachine,Bayesian Additive Regression Trees,bartMachine,Classification,"num_trees, k, alpha, beta, nu","Tree-Based Model, Implicit Feature Selection, Bayesian Model, Two Class Only"
bartMachine,Bayesian Additive Regression Trees,bartMachine,Regression,"num_trees, k, alpha, beta, nu","Tree-Based Model, Implicit Feature Selection, Bayesian Model, Two Class Only"
bayesglm,Bayesian Generalized Linear Model,arm,Regression,parameter,"Generalized Linear Model, Logistic Regression, Linear Classifier, Bayesian Model, Accepts Case Weights"
bayesglm,Bayesian Generalized Linear Model,arm,Classification,parameter,"Generalized Linear Model, Logistic Regression, Linear Classifier, Bayesian Model, Accepts Case Weights"
binda,Binary Discriminant Analysis,binda,Classification,lambda.freqs,"Discriminant Analysis, Two Class Only, Binary Predictors Only"
blackboost,Boosted Tree,"party, mboost, plyr, partykit",Regression,"mstop, maxdepth","Tree-Based Model, Ensemble Model, Boosting, Accepts Case Weights"
blackboost,Boosted Tree,"party, mboost, plyr, partykit",Classification,"mstop, maxdepth","Tree-Based Model, Ensemble Model, Boosting, Accepts Case Weights"
blasso,The Bayesian lasso,monomvn,Regression,sparsity,"Linear Regression, Bayesian Model, Implicit Feature Selection, L1 Regularization"
blassoAveraged,Bayesian Ridge Regression (Model Averaged),monomvn,Regression,parameter,"Linear Regression, Bayesian Model, L1 Regularization"
bridge,Bayesian Ridge Regression,monomvn,Regression,parameter,"Linear Regression, Bayesian Model, L2 Regularization"
brnn,Bayesian Regularized Neural Networks,brnn,Regression,neurons,"Bayesian Model, Neural Network, Regularization"
BstLm,Boosted Linear Model,"bst, plyr",Regression,"mstop, nu","Linear Regression, Ensemble Model, Boosting, Implicit Feature Selection"
BstLm,Boosted Linear Model,"bst, plyr",Classification,"mstop, nu","Linear Regression, Ensemble Model, Boosting, Implicit Feature Selection"
bstSm,Boosted Smoothing Spline,"bst, plyr",Regression,"mstop, nu","Ensemble Model, Boosting, Implicit Feature Selection"
bstSm,Boosted Smoothing Spline,"bst, plyr",Classification,"mstop, nu","Ensemble Model, Boosting, Implicit Feature Selection"
bstTree,Boosted Tree,"bst, plyr",Regression,"mstop, maxdepth, nu","Tree-Based Model, Ensemble Model, Boosting"
bstTree,Boosted Tree,"bst, plyr",Classification,"mstop, maxdepth, nu","Tree-Based Model, Ensemble Model, Boosting"
C5.0,C5.0,"C50, plyr",Classification,"trials, model, winnow","Tree-Based Model, Rule-Based Model, Implicit Feature Selection, Boosting, Ensemble Model, Handle Missing Predictor Data, Accepts Case Weights"
C5.0Cost,Cost-Sensitive C5.0,"C50, plyr",Classification,"trials, model, winnow, cost","Tree-Based Model, Rule-Based Model, Implicit Feature Selection, Boosting, Ensemble Model, Cost Sensitive Learning, Two Class Only, Handle Missing Predictor Data, Accepts Case Weights"
C5.0Rules,Single C5.0 Ruleset,C50,Classification,parameter,"Rule-Based Model, Implicit Feature Selection, Handle Missing Predictor Data, Accepts Case Weights"
C5.0Tree,Single C5.0 Tree,C50,Classification,parameter,"Tree-Based Model, Implicit Feature Selection, Handle Missing Predictor Data, Accepts Case Weights"
cforest,Conditional Inference Random Forest,party,Classification,mtry,"Random Forest, Ensemble Model, Bagging, Implicit Feature Selection, Accepts Case Weights"
cforest,Conditional Inference Random Forest,party,Regression,mtry,"Random Forest, Ensemble Model, Bagging, Implicit Feature Selection, Accepts Case Weights"
chaid,CHi-squared Automated Interaction Detection,CHAID,Classification,"alpha2, alpha3, alpha4","Tree-Based Model, Implicit Feature Selection, Two Class Only, Accepts Case Weights"
CSimca,SIMCA,"rrcov, rrcovHD",Classification,parameter,Robust Model
ctree,Conditional Inference Tree,party,Classification,mincriterion,"Tree-Based Model, Implicit Feature Selection, Accepts Case Weights"
ctree,Conditional Inference Tree,party,Regression,mincriterion,"Tree-Based Model, Implicit Feature Selection, Accepts Case Weights"
ctree2,Conditional Inference Tree,party,Regression,"maxdepth, mincriterion","Tree-Based Model, Implicit Feature Selection, Accepts Case Weights"
ctree2,Conditional Inference Tree,party,Classification,"maxdepth, mincriterion","Tree-Based Model, Implicit Feature Selection, Accepts Case Weights"
cubist,Cubist,Cubist,Regression,"committees, neighbors","Rule-Based Model, Boosting, Ensemble Model, Prototype Models, Model Tree, Linear Regression, Implicit Feature Selection"
dda,Diagonal Discriminant Analysis,sparsediscrim,Classification,"model, shrinkage","Discriminant Analysis, Linear Classifier, Polynomial Model, Regularization"
deepboost,DeepBoost,deepboost,Classification,"num_iter, tree_depth, beta, lambda, loss_type","Tree-Based Model, Boosting, Ensemble Model, Implicit Feature Selection, Accepts Case Weights, L1 Regularization, Two Class Only"
DENFIS,Dynamic Evolving Neural-Fuzzy Inference System ,frbs,Regression,"Dthr, max.iter",Rule-Based Model
dnn,Stacked AutoEncoder Deep Neural Network,deepnet,Classification,"layer1, layer2, layer3, hidden_dropout, visible_dropout",Neural Network
dnn,Stacked AutoEncoder Deep Neural Network,deepnet,Regression,"layer1, layer2, layer3, hidden_dropout, visible_dropout",Neural Network
dwdLinear,Linear Distance Weighted Discrimination,kerndwd,Classification,"lambda, qval","Discriminant Analysis, L2 Regularization, Kernel Method, Linear Classifier, Distance Weighted Discrimination, Two Class Only"
dwdPoly,Distance Weighted Discrimination with Polynomial Kernel,kerndwd,Classification,"lambda, qval, degree, scale","Discriminant Analysis, L2 Regularization, Kernel Method, Polynomial Model, Distance Weighted Discrimination, Two Class Only"
dwdRadial,Distance Weighted Discrimination with Radial Basis Function Kernel,"kernlab, kerndwd",Classification,"lambda, qval, sigma","Discriminant Analysis, L2 Regularization, Kernel Method, Radial Basis Function, Distance Weighted Discrimination, Two Class Only"
earth,Multivariate Adaptive Regression Spline,earth,Regression,"nprune, degree","Multivariate Adaptive Regression Splines, Implicit Feature Selection, Accepts Case Weights"
earth,Multivariate Adaptive Regression Spline,earth,Classification,"nprune, degree","Multivariate Adaptive Regression Splines, Implicit Feature Selection, Accepts Case Weights"
elm,Extreme Learning Machine,elmNN,Classification,"nhid, actfun",Neural Network
elm,Extreme Learning Machine,elmNN,Regression,"nhid, actfun",Neural Network
enet,Elasticnet,elasticnet,Regression,"fraction, lambda","Linear Regression, Implicit Feature Selection, L1 Regularization"
evtree,Tree Models from Genetic Algorithms,evtree,Regression,alpha,"Tree-Based Model, Implicit Feature Selection, Accepts Case Weights"
evtree,Tree Models from Genetic Algorithms,evtree,Classification,alpha,"Tree-Based Model, Implicit Feature Selection, Accepts Case Weights"
extraTrees,Random Forest by Randomization,extraTrees,Regression,"mtry, numRandomCuts","Random Forest, Ensemble Model, Bagging, Implicit Feature Selection"
extraTrees,Random Forest by Randomization,extraTrees,Classification,"mtry, numRandomCuts","Random Forest, Ensemble Model, Bagging, Implicit Feature Selection"
fda,Flexible Discriminant Analysis,"earth, mda",Classification,"degree, nprune","Multivariate Adaptive Regression Splines, Implicit Feature Selection, Accepts Case Weights"
FH.GBML,Fuzzy Rules Using Genetic Cooperative-Competitive Learning and Pittsburgh,frbs,Classification,"max.num.rule, popu.size, max.gen",Rule-Based Model
FIR.DM,Fuzzy Inference Rules by Descent Method,frbs,Regression,"num.labels, max.iter",Rule-Based Model
foba,Ridge Regression with Variable Selection,foba,Regression,"k, lambda","Linear Regression, Ridge Regression, L2 Regularization, Feature Selection Wrapper"
FRBCS.CHI,Fuzzy Rules Using Chi's Method,frbs,Classification,"num.labels, type.mf",Rule-Based Model
FRBCS.W,Fuzzy Rules with Weight Factor,frbs,Classification,"num.labels, type.mf",Rule-Based Model
FS.HGD,Simplified TSK Fuzzy Rules,frbs,Regression,"num.labels, max.iter",Rule-Based Model
gam,Generalized Additive Model using Splines,mgcv,Regression,"select, method","Generalized Linear Model, Generalized Additive Model"
gam,Generalized Additive Model using Splines,mgcv,Classification,"select, method","Generalized Linear Model, Generalized Additive Model"
gamboost,Boosted Generalized Additive Model,"mboost, plyr, import",Regression,"mstop, prune","Generalized Additive Model, Ensemble Model, Boosting, Implicit Feature Selection, Two Class Only, Accepts Case Weights"
gamboost,Boosted Generalized Additive Model,"mboost, plyr, import",Classification,"mstop, prune","Generalized Additive Model, Ensemble Model, Boosting, Implicit Feature Selection, Two Class Only, Accepts Case Weights"
gamLoess,Generalized Additive Model using LOESS,gam,Regression,"span, degree","Generalized Linear Model, Generalized Additive Model"
gamLoess,Generalized Additive Model using LOESS,gam,Classification,"span, degree","Generalized Linear Model, Generalized Additive Model"
gamSpline,Generalized Additive Model using Splines,gam,Regression,df,"Generalized Linear Model, Generalized Additive Model"
gamSpline,Generalized Additive Model using Splines,gam,Classification,df,"Generalized Linear Model, Generalized Additive Model"
gaussprLinear,Gaussian Process,kernlab,Regression,parameter,"Kernel Method, Gaussian Process, Linear Classifier"
gaussprLinear,Gaussian Process,kernlab,Classification,parameter,"Kernel Method, Gaussian Process, Linear Classifier"
gaussprPoly,Gaussian Process with Polynomial Kernel,kernlab,Regression,"degree, scale","Kernel Method, Gaussian Process, Polynomial Model"
gaussprPoly,Gaussian Process with Polynomial Kernel,kernlab,Classification,"degree, scale","Kernel Method, Gaussian Process, Polynomial Model"
gaussprRadial,Gaussian Process with Radial Basis Function Kernel,kernlab,Regression,sigma,"Kernel Method, Gaussian Process, Radial Basis Function"
gaussprRadial,Gaussian Process with Radial Basis Function Kernel,kernlab,Classification,sigma,"Kernel Method, Gaussian Process, Radial Basis Function"
gbm_h2o,Gradient Boosting Machines,h2o,Regression,"ntrees, max_depth, min_rows, learn_rate, col_sample_rate","Tree-Based Model, Boosting, Ensemble Model, Implicit Feature Selection"
gbm_h2o,Gradient Boosting Machines,h2o,Classification,"ntrees, max_depth, min_rows, learn_rate, col_sample_rate","Tree-Based Model, Boosting, Ensemble Model, Implicit Feature Selection"
gbm,Stochastic Gradient Boosting,"gbm, plyr",Regression,"n.trees, interaction.depth, shrinkage, n.minobsinnode","Tree-Based Model, Boosting, Ensemble Model, Implicit Feature Selection, Accepts Case Weights"
gbm,Stochastic Gradient Boosting,"gbm, plyr",Classification,"n.trees, interaction.depth, shrinkage, n.minobsinnode","Tree-Based Model, Boosting, Ensemble Model, Implicit Feature Selection, Accepts Case Weights"
gcvEarth,Multivariate Adaptive Regression Splines,earth,Regression,degree,"Multivariate Adaptive Regression Splines, Implicit Feature Selection, Accepts Case Weights"
gcvEarth,Multivariate Adaptive Regression Splines,earth,Classification,degree,"Multivariate Adaptive Regression Splines, Implicit Feature Selection, Accepts Case Weights"
GFS.FR.MOGUL,Fuzzy Rules via MOGUL,frbs,Regression,"max.gen, max.iter, max.tune",Rule-Based Model
GFS.LT.RS,Genetic Lateral Tuning and Rule Selection of Linguistic Fuzzy Systems,frbs,Regression,"popu.size, num.labels, max.gen",Rule-Based Model
GFS.THRIFT,Fuzzy Rules via Thrift,frbs,Regression,"popu.size, num.labels, max.gen",Rule-Based Model
glm.nb,Negative Binomial Generalized Linear Model,MASS,Regression,link,"Generalized Linear Model, Accepts Case Weights"
glm,Generalized Linear Model,NA,Regression,parameter,"Generalized Linear Model, Linear Classifier, Two Class Only, Accepts Case Weights"
glm,Generalized Linear Model,NA,Classification,parameter,"Generalized Linear Model, Linear Classifier, Two Class Only, Accepts Case Weights"
glmboost,Boosted Generalized Linear Model,"plyr, mboost",Regression,"mstop, prune","Generalized Linear Model, Ensemble Model, Boosting, Linear Classifier, Two Class Only, Accepts Case Weights"
glmboost,Boosted Generalized Linear Model,"plyr, mboost",Classification,"mstop, prune","Generalized Linear Model, Ensemble Model, Boosting, Linear Classifier, Two Class Only, Accepts Case Weights"
glmnet_h2o,glmnet,h2o,Regression,"alpha, lambda","Generalized Linear Model, Implicit Feature Selection, L1 Regularization, L2 Regularization, Linear Classifier, Linear Regression, Two Class Only"
glmnet_h2o,glmnet,h2o,Classification,"alpha, lambda","Generalized Linear Model, Implicit Feature Selection, L1 Regularization, L2 Regularization, Linear Classifier, Linear Regression, Two Class Only"
glmnet,glmnet,"glmnet, Matrix",Regression,"alpha, lambda","Generalized Linear Model, Implicit Feature Selection, L1 Regularization, L2 Regularization, Linear Classifier, Linear Regression"
glmnet,glmnet,"glmnet, Matrix",Classification,"alpha, lambda","Generalized Linear Model, Implicit Feature Selection, L1 Regularization, L2 Regularization, Linear Classifier, Linear Regression"
glmStepAIC,Generalized Linear Model with Stepwise Feature Selection,MASS,Regression,parameter,"Generalized Linear Model, Feature Selection Wrapper, Linear Classifier, Implicit Feature Selection, Two Class Only, Accepts Case Weights"
glmStepAIC,Generalized Linear Model with Stepwise Feature Selection,MASS,Classification,parameter,"Generalized Linear Model, Feature Selection Wrapper, Linear Classifier, Implicit Feature Selection, Two Class Only, Accepts Case Weights"
gpls,Generalized Partial Least Squares,gpls,Classification,K.prov,"Logistic Regression, Partial Least Squares, Linear Classifier"
hda,Heteroscedastic Discriminant Analysis,hda,Classification,"gamma, lambda, newdim","Discriminant Analysis, Linear Classifier, Regularization"
hdda,High Dimensional Discriminant Analysis,HDclassif,Classification,"threshold, model","Discriminant Analysis, Linear Classifier"
hdrda,High-Dimensional Regularized Discriminant Analysis,sparsediscrim,Classification,"gamma, lambda, shrinkage_type","Discriminant Analysis, Polynomial Model, Regularization, Linear Classifier"
HYFIS,Hybrid Neural Fuzzy Inference System,frbs,Regression,"num.labels, max.iter",Rule-Based Model
icr,Independent Component Regression,fastICA,Regression,n.comp,"Linear Regression, Feature Extraction"
J48,C4.5-like Trees,RWeka,Classification,"C, M","Tree-Based Model, Implicit Feature Selection"
JRip,Rule-Based Classifier,RWeka,Classification,"NumOpt, NumFolds, MinWeights","Rule-Based Model, Implicit Feature Selection"
kernelpls,Partial Least Squares,pls,Regression,ncomp,"Partial Least Squares, Feature Extraction, Kernel Method, Linear Classifier, Linear Regression"
kernelpls,Partial Least Squares,pls,Classification,ncomp,"Partial Least Squares, Feature Extraction, Kernel Method, Linear Classifier, Linear Regression"
kknn,k-Nearest Neighbors,kknn,Regression,"kmax, distance, kernel",Prototype Models
kknn,k-Nearest Neighbors,kknn,Classification,"kmax, distance, kernel",Prototype Models
knn,k-Nearest Neighbors,NA,Classification,k,Prototype Models
knn,k-Nearest Neighbors,NA,Regression,k,Prototype Models
krlsPoly,Polynomial Kernel Regularized Least Squares,KRLS,Regression,"lambda, degree","Kernel Method, L2 Regularization, Polynomial Model"
krlsRadial,Radial Basis Function Kernel Regularized Least Squares,"KRLS, kernlab",Regression,"lambda, sigma","Kernel Method, L2 Regularization, Radial Basis Function"
lars,Least Angle Regression,lars,Regression,fraction,"Linear Regression, Implicit Feature Selection, L1 Regularization"
lars2,Least Angle Regression,lars,Regression,step,"Linear Regression, Implicit Feature Selection, L1 Regularization"
lasso,The lasso,elasticnet,Regression,fraction,"Linear Regression, Implicit Feature Selection, L1 Regularization"
lda,Linear Discriminant Analysis,MASS,Classification,parameter,"Discriminant Analysis, Linear Classifier"
lda2,Linear Discriminant Analysis,MASS,Classification,dimen,"Discriminant Analysis, Linear Classifier"
leapBackward,Linear Regression with Backwards Selection,leaps,Regression,nvmax,"Linear Regression, Feature Selection Wrapper"
leapForward,Linear Regression with Forward Selection,leaps,Regression,nvmax,"Linear Regression, Feature Selection Wrapper"
leapSeq,Linear Regression with Stepwise Selection,leaps,Regression,nvmax,"Linear Regression, Feature Selection Wrapper"
Linda,Robust Linear Discriminant Analysis,rrcov,Classification,parameter,"Discriminant Analysis, Linear Classifier, Robust Model"
lm,Linear Regression,NA,Regression,intercept,"Linear Regression, Accepts Case Weights"
lmStepAIC,Linear Regression with Stepwise Selection,MASS,Regression,parameter,"Linear Regression, Feature Selection Wrapper, Accepts Case Weights"
LMT,Logistic Model Trees,RWeka,Classification,iter,"Model Tree, Implicit Feature Selection, Logistic Regression, Linear Classifier"
loclda,Localized Linear Discriminant Analysis,klaR,Classification,k,"Discriminant Analysis, Linear Classifier"
logicBag,Bagged Logic Regression,logicFS,Regression,"nleaves, ntrees","Logic Regression, Linear Classifier, Linear Regression, Logistic Regression, Bagging, Ensemble Model, Two Class Only, Binary Predictors Only"
logicBag,Bagged Logic Regression,logicFS,Classification,"nleaves, ntrees","Logic Regression, Linear Classifier, Linear Regression, Logistic Regression, Bagging, Ensemble Model, Two Class Only, Binary Predictors Only"
LogitBoost,Boosted Logistic Regression,caTools,Classification,nIter,"Ensemble Model, Boosting, Implicit Feature Selection, Tree-Based Model, Logistic Regression"
logreg,Logic Regression,LogicReg,Regression,"treesize, ntrees","Logic Regression, Linear Classifier, Linear Regression, Logistic Regression, Two Class Only, Binary Predictors Only"
logreg,Logic Regression,LogicReg,Classification,"treesize, ntrees","Logic Regression, Linear Classifier, Linear Regression, Logistic Regression, Two Class Only, Binary Predictors Only"
lssvmLinear,Least Squares Support Vector Machine,kernlab,Classification,tau,"Kernel Method, Support Vector Machines, Linear Classifier"
lssvmPoly,Least Squares Support Vector Machine with Polynomial Kernel,kernlab,Classification,"degree, scale, tau","Kernel Method, Support Vector Machines, Polynomial Model"
lssvmRadial,Least Squares Support Vector Machine with Radial Basis Function Kernel,kernlab,Classification,"sigma, tau","Kernel Method, Support Vector Machines, Radial Basis Function"
lvq,Learning Vector Quantization,class,Classification,"size, k",Prototype Models
M5,Model Tree,RWeka,Regression,"pruned, smoothed, rules","Rule-Based Model, Tree-Based Model, Linear Regression, Implicit Feature Selection, Model Tree"
M5Rules,Model Rules,RWeka,Regression,"pruned, smoothed","Rule-Based Model, Linear Regression, Implicit Feature Selection, Model Tree"
manb,Model Averaged Naive Bayes Classifier,bnclassify,Classification,"smooth, prior","Bayesian Model, Categorical Predictors Only"
mda,Mixture Discriminant Analysis,mda,Classification,subclasses,"Discriminant Analysis, Mixture Model"
Mlda,Maximum Uncertainty Linear Discriminant Analysis,HiDimDA,Classification,parameter,"Discriminant Analysis, Linear Classifier"
mlp,Multi-Layer Perceptron,RSNNS,Regression,size,Neural Network
mlp,Multi-Layer Perceptron,RSNNS,Classification,size,Neural Network
mlpKerasDecay,Multilayer Perceptron Network with Weight Decay,keras,Regression,"size, lambda, batch_size, lr, rho, decay, activation","Neural Network, L2 Regularization"
mlpKerasDecay,Multilayer Perceptron Network with Weight Decay,keras,Classification,"size, lambda, batch_size, lr, rho, decay, activation","Neural Network, L2 Regularization"
mlpKerasDecayCost,Multilayer Perceptron Network with Weight Decay,keras,Classification,"size, lambda, batch_size, lr, rho, decay, cost, activation","Neural Network, L2 Regularization, Cost Sensitive Learning, Two Class Only"
mlpKerasDropout,Multilayer Perceptron Network with Dropout,keras,Regression,"size, dropout, batch_size, lr, rho, decay, activation",Neural Network
mlpKerasDropout,Multilayer Perceptron Network with Dropout,keras,Classification,"size, dropout, batch_size, lr, rho, decay, activation",Neural Network
mlpKerasDropoutCost,Multilayer Perceptron Network with Dropout,keras,Classification,"size, dropout, batch_size, lr, rho, decay, cost, activation","Neural Network, Cost Sensitive Learning, Two Class Only"
mlpML,"Multi-Layer Perceptron, with multiple layers",RSNNS,Regression,"layer1, layer2, layer3",Neural Network
mlpML,"Multi-Layer Perceptron, with multiple layers",RSNNS,Classification,"layer1, layer2, layer3",Neural Network
mlpSGD,Multilayer Perceptron Network by Stochastic Gradient Descent,"FCNN4R, plyr",Regression,"size, l2reg, lambda, learn_rate, momentum, gamma, minibatchsz, repeats","Neural Network, L2 Regularization"
mlpSGD,Multilayer Perceptron Network by Stochastic Gradient Descent,"FCNN4R, plyr",Classification,"size, l2reg, lambda, learn_rate, momentum, gamma, minibatchsz, repeats","Neural Network, L2 Regularization"
mlpWeightDecay,Multi-Layer Perceptron,RSNNS,Regression,"size, decay","Neural Network, L2 Regularization"
mlpWeightDecay,Multi-Layer Perceptron,RSNNS,Classification,"size, decay","Neural Network, L2 Regularization"
mlpWeightDecayML,"Multi-Layer Perceptron, multiple layers",RSNNS,Regression,"layer1, layer2, layer3, decay","Neural Network, L2 Regularization"
mlpWeightDecayML,"Multi-Layer Perceptron, multiple layers",RSNNS,Classification,"layer1, layer2, layer3, decay","Neural Network, L2 Regularization"
monmlp,Monotone Multi-Layer Perceptron Neural Network,monmlp,Classification,"hidden1, n.ensemble",Neural Network
monmlp,Monotone Multi-Layer Perceptron Neural Network,monmlp,Regression,"hidden1, n.ensemble",Neural Network
msaenet,Multi-Step Adaptive MCP-Net,msaenet,Regression,"alphas, nsteps, scale","Generalized Linear Model, Implicit Feature Selection, L1 Regularization, L2 Regularization, Linear Classifier, Linear Regression"
msaenet,Multi-Step Adaptive MCP-Net,msaenet,Classification,"alphas, nsteps, scale","Generalized Linear Model, Implicit Feature Selection, L1 Regularization, L2 Regularization, Linear Classifier, Linear Regression"
multinom,Penalized Multinomial Regression,nnet,Classification,decay,"Neural Network, L2 Regularization, Logistic Regression, Linear Classifier, Accepts Case Weights"
mxnet,Neural Network,mxnet,Classification,"layer1, layer2, layer3, learning.rate, momentum, dropout, activation",Neural Network
mxnet,Neural Network,mxnet,Regression,"layer1, layer2, layer3, learning.rate, momentum, dropout, activation",Neural Network
mxnetAdam,Neural Network,mxnet,Classification,"layer1, layer2, layer3, dropout, beta1, beta2, learningrate, activation",Neural Network
mxnetAdam,Neural Network,mxnet,Regression,"layer1, layer2, layer3, dropout, beta1, beta2, learningrate, activation",Neural Network
naive_bayes,Naive Bayes,naivebayes,Classification,"laplace, usekernel, adjust",Bayesian Model
nb,Naive Bayes,klaR,Classification,"fL, usekernel, adjust",Bayesian Model
nbDiscrete,Naive Bayes Classifier,bnclassify,Classification,smooth,"Bayesian Model, Categorical Predictors Only"
nbSearch,Semi-Naive Structure Learner Wrapper,bnclassify,Classification,"k, epsilon, smooth, final_smooth, direction","Bayesian Model, Categorical Predictors Only"
neuralnet,Neural Network,neuralnet,Regression,"layer1, layer2, layer3",Neural Network
nnet,Neural Network,nnet,Classification,"size, decay","Neural Network, L2 Regularization, Accepts Case Weights"
nnet,Neural Network,nnet,Regression,"size, decay","Neural Network, L2 Regularization, Accepts Case Weights"
nnls,Non-Negative Least Squares,nnls,Regression,parameter,Linear Regression
nodeHarvest,Tree-Based Ensembles,nodeHarvest,Regression,"maxinter, mode","Tree-Based Model, Implicit Feature Selection, Ensemble Model, Two Class Only"
nodeHarvest,Tree-Based Ensembles,nodeHarvest,Classification,"maxinter, mode","Tree-Based Model, Implicit Feature Selection, Ensemble Model, Two Class Only"
null,Non-Informative Model,NA,Classification,parameter,NA
null,Non-Informative Model,NA,Regression,parameter,NA
OneR,Single Rule Classification,RWeka,Classification,parameter,"Rule-Based Model, Implicit Feature Selection"
ordinalNet,Penalized Ordinal Regression,"ordinalNet, plyr",Classification,"alpha, criteria, link, lambda, modeltype, family","Generalized Linear Model, Implicit Feature Selection, L1 Regularization, L2 Regularization, Linear Classifier, Linear Regression, Ordinal Outcomes"
ordinalRF,Random Forest,"e1071, ranger, dplyr, ordinalForest",Classification,"nsets, ntreeperdiv, ntreefinal","Random Forest, Ensemble Model, Bagging, Implicit Feature Selection, Ordinal Outcomes"
ORFlog,Oblique Random Forest,obliqueRF,Classification,mtry,"Random Forest, Oblique Tree, Logistic Regression, Implicit Feature Selection, Ensemble Model, Two Class Only"
ORFpls,Oblique Random Forest,obliqueRF,Classification,mtry,"Random Forest, Oblique Tree, Partial Least Squares, Implicit Feature Selection, Ensemble Model, Two Class Only"
ORFridge,Oblique Random Forest,obliqueRF,Classification,mtry,"Random Forest, Oblique Tree, Ridge Regression, Implicit Feature Selection, Ensemble Model, Two Class Only, L2 Regularization"
ORFsvm,Oblique Random Forest,obliqueRF,Classification,mtry,"Random Forest, Oblique Tree, Kernel Method, Implicit Feature Selection, Ensemble Model, Two Class Only"
ownn,Optimal Weighted Nearest Neighbor Classifier,snn,Classification,K,Prototype Models
pam,Nearest Shrunken Centroids,pamr,Classification,threshold,"Prototype Models, Implicit Feature Selection, Linear Classifier"
parRF,Parallel Random Forest,"e1071, randomForest, foreach, import",Classification,mtry,"Random Forest, Ensemble Model, Bagging, Implicit Feature Selection"
parRF,Parallel Random Forest,"e1071, randomForest, foreach, import",Regression,mtry,"Random Forest, Ensemble Model, Bagging, Implicit Feature Selection"
PART,Rule-Based Classifier,RWeka,Classification,"threshold, pruned","Rule-Based Model, Implicit Feature Selection"
partDSA,partDSA,partDSA,Regression,"cut.off.growth, MPD",
partDSA,partDSA,partDSA,Classification,"cut.off.growth, MPD",
pcaNNet,Neural Networks with Feature Extraction,nnet,Classification,"size, decay","Neural Network, Feature Extraction, L2 Regularization, Accepts Case Weights"
pcaNNet,Neural Networks with Feature Extraction,nnet,Regression,"size, decay","Neural Network, Feature Extraction, L2 Regularization, Accepts Case Weights"
pcr,Principal Component Analysis,pls,Regression,ncomp,"Linear Regression, Feature Extraction"
pda,Penalized Discriminant Analysis,mda,Classification,lambda,"Discriminant Analysis, Polynomial Model, Accepts Case Weights"
pda2,Penalized Discriminant Analysis,mda,Classification,df,"Discriminant Analysis, Polynomial Model, Accepts Case Weights"
penalized,Penalized Linear Regression,penalized,Regression,"lambda1, lambda2","Implicit Feature Selection, L1 Regularization, L2 Regularization, Linear Regression"
PenalizedLDA,Penalized Linear Discriminant Analysis,"penalizedLDA, plyr",Classification,"lambda, K","Discriminant Analysis, L1 Regularization, Implicit Feature Selection, Linear Classifier"
plr,Penalized Logistic Regression,stepPlr,Classification,"lambda, cp","L2 Regularization, Logistic Regression, Linear Classifier"
pls,Partial Least Squares,pls,Regression,ncomp,"Partial Least Squares, Feature Extraction, Linear Classifier, Linear Regression"
pls,Partial Least Squares,pls,Classification,ncomp,"Partial Least Squares, Feature Extraction, Linear Classifier, Linear Regression"
plsRglm,Partial Least Squares Generalized Linear Models ,plsRglm,Classification,"nt, alpha.pvals.expli","Generalized Linear Models, Partial Least Squares, Two Class Only"
plsRglm,Partial Least Squares Generalized Linear Models ,plsRglm,Regression,"nt, alpha.pvals.expli","Generalized Linear Models, Partial Least Squares, Two Class Only"
polr,Ordered Logistic or Probit Regression,MASS,Classification,method,"Logistic Regression, Linear Classifier, Accepts Case Weights, Ordinal Outcomes"
ppr,Projection Pursuit Regression,NA,Regression,nterms,"Feature Extraction, Accepts Case Weights"
pre,Prediction Rule Ensembles,pre,Classification,"sampfrac, maxdepth, learnrate, mtry, use.grad, penalty.par.val","Rule-Based Model, Regularization"
pre,Prediction Rule Ensembles,pre,Regression,"sampfrac, maxdepth, learnrate, mtry, use.grad, penalty.par.val","Rule-Based Model, Regularization"
PRIM,Patient Rule Induction Method,supervisedPRIM,Classification,"peel.alpha, paste.alpha, mass.min","Rule-Based Model, Patient Rule Induction Method"
protoclass,Greedy Prototype Selection,"proxy, protoclass",Classification,"eps, Minkowski",Prototype Models
qda,Quadratic Discriminant Analysis,MASS,Classification,parameter,"Discriminant Analysis, Polynomial Model"
QdaCov,Robust Quadratic Discriminant Analysis,rrcov,Classification,parameter,"Discriminant Analysis, Polynomial Model"
qrf,Quantile Random Forest,quantregForest,Regression,mtry,"Random Forest, Ensemble Model, Bagging, Implicit Feature Selection, Quantile Regression, Robust Model"
qrnn,Quantile Regression Neural Network,qrnn,Regression,"n.hidden, penalty, bag","Neural Network, L2 Regularization, Quantile Regression, Bagging, Ensemble Model, Robust Model"
randomGLM,Ensembles of Generalized Linear Models,randomGLM,Regression,maxInteractionOrder,"Generalized Linear Model, Linear Classifier, Ensemble Model, Bagging"
randomGLM,Ensembles of Generalized Linear Models,randomGLM,Classification,maxInteractionOrder,"Generalized Linear Model, Linear Classifier, Ensemble Model, Bagging"
ranger,Random Forest,"e1071, ranger, dplyr",Classification,"mtry, splitrule, min.node.size","Random Forest, Ensemble Model, Bagging, Implicit Feature Selection, Accepts Case Weights"
ranger,Random Forest,"e1071, ranger, dplyr",Regression,"mtry, splitrule, min.node.size","Random Forest, Ensemble Model, Bagging, Implicit Feature Selection, Accepts Case Weights"
rbf,Radial Basis Function Network,RSNNS,Classification,size,"Neural Network, L2 Regularization, Radial Basis Function"
rbf,Radial Basis Function Network,RSNNS,Regression,size,"Neural Network, L2 Regularization, Radial Basis Function"
rbfDDA,Radial Basis Function Network,RSNNS,Regression,negativeThreshold,"Neural Network, L2 Regularization, Radial Basis Function"
rbfDDA,Radial Basis Function Network,RSNNS,Classification,negativeThreshold,"Neural Network, L2 Regularization, Radial Basis Function"
Rborist,Random Forest,Rborist,Classification,"predFixed, minNode","Random Forest, Ensemble Model, Bagging, Implicit Feature Selection"
Rborist,Random Forest,Rborist,Regression,"predFixed, minNode","Random Forest, Ensemble Model, Bagging, Implicit Feature Selection"
rda,Regularized Discriminant Analysis,klaR,Classification,"gamma, lambda","Discriminant Analysis, Polynomial Model, Regularization, Linear Classifier"
regLogistic,Regularized Logistic Regression,LiblineaR,Classification,"cost, loss, epsilon","Linear Classifier, Robust Methods, L1 Regularization, L2 Regularization"
relaxo,Relaxed Lasso,"relaxo, plyr",Regression,"lambda, phi","Implicit Feature Selection, L1 Regularization, L2 Regularization, Linear Regression"
rf,Random Forest,randomForest,Classification,mtry,"Random Forest, Ensemble Model, Bagging, Implicit Feature Selection"
rf,Random Forest,randomForest,Regression,mtry,"Random Forest, Ensemble Model, Bagging, Implicit Feature Selection"
rFerns,Random Ferns,rFerns,Classification,depth,"Random Forest, Ensemble Model, Bagging, Implicit Feature Selection"
RFlda,Factor-Based Linear Discriminant Analysis,HiDimDA,Classification,q,"Discriminant Analysis, Linear Classifier"
rfRules,Random Forest Rule-Based Model,"randomForest, inTrees, plyr",Classification,"mtry, maxdepth","Random Forest, Ensemble Model, Bagging, Implicit Feature Selection, Rule-Based Model"
rfRules,Random Forest Rule-Based Model,"randomForest, inTrees, plyr",Regression,"mtry, maxdepth","Random Forest, Ensemble Model, Bagging, Implicit Feature Selection, Rule-Based Model"
ridge,Ridge Regression,elasticnet,Regression,lambda,"Linear Regression, L2 Regularization"
rlda,Regularized Linear Discriminant Analysis,sparsediscrim,Classification,estimator,"Discriminant Analysis, Polynomial Model, Regularization, Linear Classifier"
rlm,Robust Linear Model,MASS,Regression,"intercept, psi","Linear Regression, Robust Model, Accepts Case Weights"
rmda,Robust Mixture Discriminant Analysis,robustDA,Classification,"K, model","Discriminant Analysis, Mixture Model, Robust Methods"
rocc,ROC-Based Classifier,rocc,Classification,xgenes,ROC Curves
rotationForest,Rotation Forest,rotationForest,Classification,"K, L","Ensemble Model, Implicit Feature Selection, Feature Extraction Models, Tree-Based Model, Two Class Only"
rotationForestCp,Rotation Forest,"rpart, plyr, rotationForest",Classification,"K, L, cp","Ensemble Model, Implicit Feature Selection, Feature Extraction Models, Tree-Based Model, Two Class Only"
rpart,CART,rpart,Regression,cp,"Tree-Based Model, Implicit Feature Selection, Handle Missing Predictor Data, Accepts Case Weights"
rpart,CART,rpart,Classification,cp,"Tree-Based Model, Implicit Feature Selection, Handle Missing Predictor Data, Accepts Case Weights"
rpart1SE,CART,rpart,Regression,parameter,"Tree-Based Model, Implicit Feature Selection, Handle Missing Predictor Data, Accepts Case Weights"
rpart1SE,CART,rpart,Classification,parameter,"Tree-Based Model, Implicit Feature Selection, Handle Missing Predictor Data, Accepts Case Weights"
rpart2,CART,rpart,Regression,maxdepth,"Tree-Based Model, Implicit Feature Selection, Handle Missing Predictor Data, Accepts Case Weights"
rpart2,CART,rpart,Classification,maxdepth,"Tree-Based Model, Implicit Feature Selection, Handle Missing Predictor Data, Accepts Case Weights"
rpartCost,Cost-Sensitive CART,"rpart, plyr",Classification,"cp, Cost","Tree-Based Model, Implicit Feature Selection, Cost Sensitive Learning, Two Class Only, Handle Missing Predictor Data, Accepts Case Weights"
rpartScore,CART or Ordinal Responses,"rpartScore, plyr",Classification,"cp, split, prune","Tree-Based Model, Implicit Feature Selection, Handle Missing Predictor Data, Accepts Case Weights, Ordinal Outcomes"
rqlasso,Quantile Regression with LASSO penalty,rqPen,Regression,lambda,"Linear Regression, Quantile Regression, Implicit Feature Selection, L1 Regularization"
rqnc,Non-Convex Penalized Quantile Regression,rqPen,Regression,"lambda, penalty","Linear Regression, Quantile Regression, Implicit Feature Selection, L1 Regularization"
RRF,Regularized Random Forest,"randomForest, RRF",Regression,"mtry, coefReg, coefImp","Random Forest, Ensemble Model, Bagging, Implicit Feature Selection, Regularization"
RRF,Regularized Random Forest,"randomForest, RRF",Classification,"mtry, coefReg, coefImp","Random Forest, Ensemble Model, Bagging, Implicit Feature Selection, Regularization"
RRFglobal,Regularized Random Forest,RRF,Regression,"mtry, coefReg","Random Forest, Ensemble Model, Bagging, Implicit Feature Selection, Regularization"
RRFglobal,Regularized Random Forest,RRF,Classification,"mtry, coefReg","Random Forest, Ensemble Model, Bagging, Implicit Feature Selection, Regularization"
rrlda,Robust Regularized Linear Discriminant Analysis,rrlda,Classification,"lambda, hp, penalty","Discriminant Analysis, Robust Model, Regularization, Linear Classifier"
RSimca,Robust SIMCA,rrcovHD,Classification,parameter,"Robust Model, Linear Classifier"
rvmLinear,Relevance Vector Machines with Linear Kernel,kernlab,Regression,parameter,"Kernel Method, Relevance Vector Machines, Linear Regression, Robust Methods"
rvmPoly,Relevance Vector Machines with Polynomial Kernel,kernlab,Regression,"scale, degree","Kernel Method, Relevance Vector Machines, Polynomial Model, Robust Methods"
rvmRadial,Relevance Vector Machines with Radial Basis Function Kernel,kernlab,Regression,sigma,"Kernel Method, Relevance Vector Machines, Radial Basis Function, Robust Methods"
SBC,Subtractive Clustering and Fuzzy c-Means Rules,frbs,Regression,"r.a, eps.high, eps.low",Rule-Based Model
sda,Shrinkage Discriminant Analysis,sda,Classification,"diagonal, lambda","Discriminant Analysis, Regularization, Linear Classifier"
sdwd,Sparse Distance Weighted Discrimination,sdwd,Classification,"lambda, lambda2","Discriminant Analysis Models, Implicit Feature Selection, L1 Regularization, L2 Regularization, Linear Classifier, Distance Weighted Discrimination"
simpls,Partial Least Squares,pls,Regression,ncomp,"Partial Least Squares, Feature Extraction, Linear Classifier, Linear Regression"
simpls,Partial Least Squares,pls,Classification,ncomp,"Partial Least Squares, Feature Extraction, Linear Classifier, Linear Regression"
SLAVE,Fuzzy Rules Using the Structural Learning Algorithm on Vague Environment,frbs,Classification,"num.labels, max.iter, max.gen",Rule-Based Model
slda,Stabilized Linear Discriminant Analysis,ipred,Classification,parameter,"Discriminant Analysis, Linear Classifier"
smda,Sparse Mixture Discriminant Analysis,sparseLDA,Classification,"NumVars, lambda, R","Discriminant Analysis, L1 Regularization, Implicit Feature Selection, Mixture Model"
snn,Stabilized Nearest Neighbor Classifier,snn,Classification,lambda,Prototype Models
sparseLDA,Sparse Linear Discriminant Analysis,sparseLDA,Classification,"NumVars, lambda","Discriminant Analysis, L1 Regularization, Implicit Feature Selection, Linear Classifier"
spikeslab,Spike and Slab Regression,"spikeslab, plyr",Regression,vars,"Linear Regression, Bayesian Model, Implicit Feature Selection"
spls,Sparse Partial Least Squares,spls,Regression,"K, eta, kappa","Partial Least Squares, Feature Extraction, Linear Classifier, Linear Regression, L1 Regularization"
spls,Sparse Partial Least Squares,spls,Classification,"K, eta, kappa","Partial Least Squares, Feature Extraction, Linear Classifier, Linear Regression, L1 Regularization"
stepLDA,Linear Discriminant Analysis with Stepwise Feature Selection,"klaR, MASS",Classification,"maxvar, direction","Discriminant Analysis, Feature Selection Wrapper, Linear Classifier"
stepQDA,Quadratic Discriminant Analysis with Stepwise Feature Selection,"klaR, MASS",Classification,"maxvar, direction","Discriminant Analysis, Feature Selection Wrapper, Polynomial Model"
superpc,Supervised Principal Component Analysis,superpc,Regression,"threshold, n.components","Feature Extraction, Linear Regression"
svmBoundrangeString,Support Vector Machines with Boundrange String Kernel,kernlab,Regression,"length, C","Kernel Method, Support Vector Machines, String Kernel, Robust Methods, Text Mining"
svmBoundrangeString,Support Vector Machines with Boundrange String Kernel,kernlab,Classification,"length, C","Kernel Method, Support Vector Machines, String Kernel, Robust Methods, Text Mining"
svmExpoString,Support Vector Machines with Exponential String Kernel,kernlab,Regression,"lambda, C","Kernel Method, Support Vector Machines, String Kernel, Robust Methods, Text Mining"
svmExpoString,Support Vector Machines with Exponential String Kernel,kernlab,Classification,"lambda, C","Kernel Method, Support Vector Machines, String Kernel, Robust Methods, Text Mining"
svmLinear,Support Vector Machines with Linear Kernel,kernlab,Regression,C,"Kernel Method, Support Vector Machines, Linear Regression, Linear Classifier, Robust Methods"
svmLinear,Support Vector Machines with Linear Kernel,kernlab,Classification,C,"Kernel Method, Support Vector Machines, Linear Regression, Linear Classifier, Robust Methods"
svmLinear2,Support Vector Machines with Linear Kernel,e1071,Regression,cost,"Kernel Method, Support Vector Machines, Linear Regression, Linear Classifier, Robust Methods"
svmLinear2,Support Vector Machines with Linear Kernel,e1071,Classification,cost,"Kernel Method, Support Vector Machines, Linear Regression, Linear Classifier, Robust Methods"
svmLinear3,L2 Regularized Support Vector Machine (dual) with Linear Kernel,LiblineaR,Regression,"cost, Loss","Kernel Method, Support Vector Machines, Linear Regression, Linear Classifier, Robust Methods"
svmLinear3,L2 Regularized Support Vector Machine (dual) with Linear Kernel,LiblineaR,Classification,"cost, Loss","Kernel Method, Support Vector Machines, Linear Regression, Linear Classifier, Robust Methods"
svmLinearWeights,Linear Support Vector Machines with Class Weights,e1071,Classification,"cost, weight","Kernel Method, Support Vector Machines, Linear Classifier, Robust Methods, Cost Sensitive Learning, Two Class Only"
svmLinearWeights2,L2 Regularized Linear Support Vector Machines with Class Weights,LiblineaR,Classification,"cost, Loss, weight","Kernel Method, Support Vector Machines, Linear Classifier, Robust Methods, Cost Sensitive Learning, Two Class Only"
svmPoly,Support Vector Machines with Polynomial Kernel,kernlab,Regression,"degree, scale, C","Kernel Method, Support Vector Machines, Polynomial Model, Robust Methods"
svmPoly,Support Vector Machines with Polynomial Kernel,kernlab,Classification,"degree, scale, C","Kernel Method, Support Vector Machines, Polynomial Model, Robust Methods"
svmRadial,Support Vector Machines with Radial Basis Function Kernel,kernlab,Regression,"sigma, C","Kernel Method, Support Vector Machines, Radial Basis Function, Robust Methods"
svmRadial,Support Vector Machines with Radial Basis Function Kernel,kernlab,Classification,"sigma, C","Kernel Method, Support Vector Machines, Radial Basis Function, Robust Methods"
svmRadialCost,Support Vector Machines with Radial Basis Function Kernel,kernlab,Regression,C,"Kernel Method, Support Vector Machines, Radial Basis Function"
svmRadialCost,Support Vector Machines with Radial Basis Function Kernel,kernlab,Classification,C,"Kernel Method, Support Vector Machines, Radial Basis Function"
svmRadialSigma,Support Vector Machines with Radial Basis Function Kernel,kernlab,Regression,"sigma, C","Kernel Method, Support Vector Machines, Radial Basis Function, Robust Methods"
svmRadialSigma,Support Vector Machines with Radial Basis Function Kernel,kernlab,Classification,"sigma, C","Kernel Method, Support Vector Machines, Radial Basis Function, Robust Methods"
svmRadialWeights,Support Vector Machines with Class Weights,kernlab,Classification,"sigma, C, Weight","Kernel Method, Support Vector Machines, Radial Basis Function, Cost Sensitive Learning, Two Class Only"
svmSpectrumString,Support Vector Machines with Spectrum String Kernel,kernlab,Regression,"length, C","Kernel Method, Support Vector Machines, String Kernel, Robust Methods, Text Mining"
svmSpectrumString,Support Vector Machines with Spectrum String Kernel,kernlab,Classification,"length, C","Kernel Method, Support Vector Machines, String Kernel, Robust Methods, Text Mining"
tan,Tree Augmented Naive Bayes Classifier,bnclassify,Classification,"score, smooth","Bayesian Model, Categorical Predictors Only"
tanSearch,Tree Augmented Naive Bayes Classifier Structure Learner Wrapper,bnclassify,Classification,"k, epsilon, smooth, final_smooth, sp","Bayesian Model, Categorical Predictors Only"
treebag,Bagged CART,"ipred, plyr, e1071",Regression,parameter,"Tree-Based Model, Ensemble Model, Bagging, Accepts Case Weights"
treebag,Bagged CART,"ipred, plyr, e1071",Classification,parameter,"Tree-Based Model, Ensemble Model, Bagging, Accepts Case Weights"
vbmpRadial,Variational Bayesian Multinomial Probit Regression,vbmp,Classification,estimateTheta,"Gaussian Process, Bayesian Model, Radial Basis Function"
vglmAdjCat,Adjacent Categories Probability Model for Ordinal Data,VGAM,Classification,"parallel, link","Logistic Regression, Linear Classifier, Accepts Case Weights, Ordinal Outcomes"
vglmContRatio,Continuation Ratio Model for Ordinal Data,VGAM,Classification,"parallel, link","Logistic Regression, Linear Classifier, Accepts Case Weights, Ordinal Outcomes"
vglmCumulative,Cumulative Probability Model for Ordinal Data,VGAM,Classification,"parallel, link","Logistic Regression, Linear Classifier, Accepts Case Weights, Ordinal Outcomes"
widekernelpls,Partial Least Squares,pls,Regression,ncomp,"Partial Least Squares, Feature Extraction, Linear Classifier, Linear Regression"
widekernelpls,Partial Least Squares,pls,Classification,ncomp,"Partial Least Squares, Feature Extraction, Linear Classifier, Linear Regression"
WM,Wang and Mendel Fuzzy Rules,frbs,Regression,"num.labels, type.mf",Rule-Based Model
wsrf,Weighted Subspace Random Forest,wsrf,Classification,mtry,"Random Forest, Ensemble Model, Bagging, Implicit Feature Selection"
xgbDART,eXtreme Gradient Boosting,"xgboost, plyr",Regression,"nrounds, max_depth, eta, gamma, subsample, colsample_bytree, rate_drop, skip_drop, min_child_weight","Tree-Based Model, Boosting, Ensemble Model, Implicit Feature Selection, Accepts Case Weights"
xgbDART,eXtreme Gradient Boosting,"xgboost, plyr",Classification,"nrounds, max_depth, eta, gamma, subsample, colsample_bytree, rate_drop, skip_drop, min_child_weight","Tree-Based Model, Boosting, Ensemble Model, Implicit Feature Selection, Accepts Case Weights"
xgbLinear,eXtreme Gradient Boosting,xgboost,Regression,"nrounds, lambda, alpha, eta","Linear Classifier Models, Linear Regression Models, L1 Regularization Models, L2 Regularization Models, Boosting, Ensemble Model, Implicit Feature Selection"
xgbLinear,eXtreme Gradient Boosting,xgboost,Classification,"nrounds, lambda, alpha, eta","Linear Classifier Models, Linear Regression Models, L1 Regularization Models, L2 Regularization Models, Boosting, Ensemble Model, Implicit Feature Selection"
xgbTree,eXtreme Gradient Boosting,"xgboost, plyr",Regression,"nrounds, max_depth, eta, gamma, colsample_bytree, min_child_weight, subsample","Tree-Based Model, Boosting, Ensemble Model, Implicit Feature Selection, Accepts Case Weights"
xgbTree,eXtreme Gradient Boosting,"xgboost, plyr",Classification,"nrounds, max_depth, eta, gamma, colsample_bytree, min_child_weight, subsample","Tree-Based Model, Boosting, Ensemble Model, Implicit Feature Selection, Accepts Case Weights"
xyf,Self-Organizing Maps,kohonen,Classification,"xdim, ydim, user.weights, topo",Self-Organising Maps
xyf,Self-Organizing Maps,kohonen,Regression,"xdim, ydim, user.weights, topo",Self-Organising Maps
